<?xml version="1.0" encoding="UTF-8"?>
<beans xmlns="http://www.springframework.org/schema/beans" xmlns:xsi="http://www.w3.org/2001/XMLSchema-instance" xsi:schemaLocation="
        http://www.springframework.org/schema/beans http://www.springframework.org/schema/beans/spring-beans.xsd">
 <!-- <bean id="bike" class="Springdemo.Bike"></bean>-->
<bean id="car" class="Springdemo.Car" >
<property name="brand" value="BMW"></property>
<property name="color" value="red"></property>
<property name="price" value="623611"></property>
<property name="system" ref="s"></property>

</bean>
<bean id="bike" class="Springdemo.Bike">
<constructor-arg index="0" value="R15"></constructor-arg>
<constructor-arg index="1" value="250"></constructor-arg>
<constructor-arg index="2" value="red"></constructor-arg>
<constructor-arg index="3" ref="s"></constructor-arg>
</bean>

<bean id="s" class="Springdemo.MusicSystem"></bean>
</beans>  <!-- beans is an object-->
 <!-- add beans defination go to chrome and  search beans xml defination spring add xml -->
 <!-- scopes in spring
 example: <bean id="car" class="Springdemo.Car" scope="singleton"></bean>
      singleton
      prototype
      session
      request
      global session
  -->